{"Middle Hill": [40, 327, 4], "North Shore": [241, 81, 9], "Homewood South": [72, 590, 6], "Bedford Dwellings": [9, 199, 1], "Lincoln-Lemington-Belmar": [123, 300, 6], "Hazelwood": [160, 314, 3], "Central North Side": [110, 189, 3], "North Oakland": [46, 84, 9], "Northview Heights": [22, 202, 2], "Mount Washington": [362, 167, 22], "Homewood West": [33, 220, 10], "Perry North": [62, 166, 10], "Shadyside": [104, 189, 14], "South Side Flats": [730, 538, 75], "": [321, 504, 31], "Sheraden": [130, 305, 3], "Central Business District": [590, 644, 68], "West End": [43, 53, 3], "Carrick": [498, 289, 41], "Brookline": [301, 102, 23], "Troy Hill": [94, 68, 3], "South Side Slopes": [181, 122, 11], "Allentown": [150, 218, 15], "Marshall-Shadeland": [182, 323, 10], "East Hills": [21, 349, 0], "Bluff": [160, 363, 14], "Highland Park": [64, 114, 6], "Bloomfield": [180, 160, 10], "Lower Lawrenceville": [45, 49, 7], "Allegheny Center": [118, 253, 9], "Manchester": [32, 122, 4], "Upper Lawrenceville": [43, 29, 3], "Squirrel Hill South": [123, 134, 21], "Brighton Heights": [173, 208, 7], "South Oakland": [37, 57, 9], "Homewood North": [46, 516, 7], "Strip District": [85, 80, 11], "Spring Hill-City View": [106, 174, 6], "East Liberty": [157, 434, 7], "Friendship": [25, 40, 9], "Hays": [20, 15, 2], "Summer Hill": [17, 7, 1], "Outside City": [27, 86, 1], "Arlington Heights": [3, 40, 0], "Westwood": [40, 16, 10], "Crawford-Roberts": [49, 254, 8], "Central Oakland": [72, 119, 7], "East Allegheny": [380, 434, 11], "Fineview": [100, 175, 4], "Crafton Heights": [68, 116, 9], "Arlington": [59, 48, 4], "Point Breeze": [26, 67, 3], "Perry South": [91, 264, 11], "Beechview": [233, 174, 35], "Greenfield": [123, 48, 8], "Knoxville": [152, 330, 12], "Terrace Village": [6, 81, 1], "Mount Oliver": [14, 37, 4], "West Oakland": [26, 98, 1], "Larimer": [47, 235, 0], "Allegheny West": [24, 24, 1], "Banksville": [69, 21, 6], "Chateau": [76, 67, 12], "Stanton Heights": [39, 48, 3], "Upper Hill": [11, 118, 2], "Bon Air": [52, 28, 4], "Mt. Oliver Boro": [0, 7, 0], "Beltzhoover": [71, 135, 5], "Central Lawrenceville": [128, 47, 7], "Overbrook": [72, 18, 7], "Squirrel Hill North": [45, 21, 10], "California-Kirkbride": [20, 71, 2], "Regent Square": [4, 12, 2], "Elliott": [87, 149, 6], "East Carnegie": [12, 7, 1], "Windgap": [8, 31, 0], "Point Breeze North": [18, 71, 0], "Garfield": [31, 238, 7], "Duquesne Heights": [35, 17, 2], "Spring Garden": [66, 29, 2], "Oakwood": [15, 7, 1], "Glen Hazel": [3, 49, 0], "Polish Hill": [31, 24, 1], "St. Clair": [12, 5, 0], "Morningside": [37, 24, 1], "Chartiers City": [6, 10, 0], "New Homestead": [8, 4, 0], "Esplen": [35, 23, 0], "South Shore": [56, 36, 2], "Golden Triangle/Civic Arena": [30, 53, 0], "Fairywood": [15, 32, 2], "Central Northside": [13, 10, 0], "Lincoln Place": [38, 16, 2], "Outside County": [5, 24, 0], "Swisshelm Park": [8, 5, 1], "Outside State": [6, 17, 2], "Ridgemont": [4, 3, 0], "Troy Hill-Herrs Island": [2, 4, 0], "Mt. Oliver Neighborhood": [1, 1, 0]}
